assetType,assetId,assetAddress,type,textureData,textureSignature
ERC1155,1,0xdea45e7c6944cb86a268661349e9c013836c79a2,SKIN,ewogICJ0aW1lc3RhbXAiIDogMTYzODc5MDgwNzI2OSwKICAicHJvZmlsZUlkIiA6ICJhYjlkYmMzZjk4NGE0ZWI4YTVmY2RlYWMzNzEzZWFkMSIsCiAgInByb2ZpbGVOYW1lIiA6ICJDeWJvcm51dDIiLAogICJzaWduYXR1cmVSZXF1aXJlZCIgOiB0cnVlLAogICJ0ZXh0dXJlcyIgOiB7CiAgICAiU0tJTiIgOiB7CiAgICAgICJ1cmwiIDogImh0dHA6Ly90ZXh0dXJlcy5taW5lY3JhZnQubmV0L3RleHR1cmUvNDZiNTJmNjllZGNmYjljZDNhNDE1MWJlZjVhYmI3ZmJiYTU4ZmZhMTg1ZjMxY2QyZGQ0OWFjYjNjMTNiZTRjNiIKICAgIH0KICB9Cn0=,HVCjCIX4jQhGCOKnV+i8FDsMAciff5P14CqBT04QvcTtO5AOdROHk/9XRSWBoAdo21d41A2druY46cbUQhZ0bPVvvGYSWfc0V8P2N/tnhhCBPl7DRlTOUKW7pPSVev5DQDt0BsbXh5jpi/cIF+unYPF764tLIgybana4iRsWyC5Wrio8/GafgitqkDCXk7LrYRO9uzIWJ4DEtTW/lSHQn4EORKfoo/TRxfwcmpJg7UBKy0TvmocM5j4aan3NaLcBaKOQ/I6Su5X3WELMCBriOh/EvMuqAwLIIcVOF2ZXRSsPe2gZFEH/P5TjMaVTEsvN7MRMcnagGhX9fMi1qjIPlaTEcsyejWDKiKrjyM2PL5otcX2eGG1C+kWYRSMuXY/6sjkKsST4uXkhi8tYoFPsLWfv4RJ/OBsnZjaGyN9foXNAh6w73p4bmb1sU5syMwd9YvS9v1LuDzeawUyiJVfZaoEZ769GeA3USfrhSc3oDcXU5x46K/pxRuQywzLi6+rx5AHuw13Kp1/RZmJQvP8AejnKz6fAlRUx0AzSV46sHqR2W7kj3DzqB8jO5KjGp/+ayDkF0rN6TzRVPnQz63My5B0LSUxQ9e9zKrj8g/Bw+Ctghez0GOdfq+P7loeOY+zumiuwllrs18L9WCs+v+6glvZU9ldfirgY+pv3DJME0xE=
ERC1155,2,0xdea45e7c6944cb86a268661349e9c013836c79a2,SKIN,ewogICJ0aW1lc3RhbXAiIDogMTYzODc5MDgxNTc3NCwKICAicHJvZmlsZUlkIiA6ICJjNTBhZmE4YWJlYjk0ZTQ1OTRiZjFiNDI1YTk4MGYwMiIsCiAgInByb2ZpbGVOYW1lIiA6ICJUd29FQmFlIiwKICAic2lnbmF0dXJlUmVxdWlyZWQiIDogdHJ1ZSwKICAidGV4dHVyZXMiIDogewogICAgIlNLSU4iIDogewogICAgICAidXJsIiA6ICJodHRwOi8vdGV4dHVyZXMubWluZWNyYWZ0Lm5ldC90ZXh0dXJlLzk2N2U3NzMwNzA1YzZlNzVlMDdiNTk5OWZiZjVmZTI2MDAzNTZlZjJmMDgyOGY4Y2Q0YzM2ZWE1MDE0ZDNmNzUiCiAgICB9CiAgfQp9,yhoVolcEQooNwtv5PcUXTkJAY5y79j6QkrnvY6Nk6jUNFIEo7GIxGGLACUbSN2CmBBxxPAmq+cFSbsROvxEuq9ENo+gJAYaZo4O1CvFJI9eRoYcpW6wMgfvqQiTrbxL9Dn1ch0zOkgysTcK8z7Hp1LTp1ix+e0l0TWrmhoJkDBiAZY7M/ijZTBkwpBYTx8Y1WI31jXQ3093sP39Gnp5c806zW+PmsWCb0LSqKZfklq86hdpFYCYxHSZRrf+3pXvumyXpjAtV4A89apFqOY3ruGl8KOBWtqdNAl5ZyJCPmaAEpwkY/bgWZot5JzPgiSZoQBDxbU+aPS6FeJLldI5o5HX8JIUT8nDdnnc68Y53h2gjPSRUwgL/MfJJNmbERRgDajYU/UJRTVLAmwl1RGOEZcjCkQRy/m1kui6pxdg3J8WfJbCWbAcbXaUrpcVmD2IjJFIw6kXWeIqpRn+LH2FE/yOrlLP+6yVZ3a0OnQh1HSugt9l6VxVvpwkK+otqwUjXAWQQLW/VlAga6rhzVudpw1TQkZqZbulEjRSb4bve4g1ToULChFsbjQahQp28c4iEDkr7jNkkgHK+kkQeeQKXBBbpjPFa7AdiYGuLIBsY871kcs8VVgLSUt4bArMkTSnBErJBN1mJJF5aQ4iyiwax2FszWskGk8D5wqxxagrZHMw=
ERC1155,3,0xdea45e7c6944cb86a268661349e9c013836c79a2,SKIN,ewogICJ0aW1lc3RhbXAiIDogMTYzODc5MDgyNjc5NCwKICAicHJvZmlsZUlkIiA6ICIxNzhmMTJkYWMzNTQ0ZjRhYjExNzkyZDc1MDkzY2JmYyIsCiAgInByb2ZpbGVOYW1lIiA6ICJzaWxlbnRkZXRydWN0aW9uIiwKICAic2lnbmF0dXJlUmVxdWlyZWQiIDogdHJ1ZSwKICAidGV4dHVyZXMiIDogewogICAgIlNLSU4iIDogewogICAgICAidXJsIiA6ICJodHRwOi8vdGV4dHVyZXMubWluZWNyYWZ0Lm5ldC90ZXh0dXJlL2JkZDIxZmFjZGY5ZDgwYzhjODAyNjE3N2U3MzM4NjcyN2QwODkwYTA5NjRhNzYzOTg3ODYwMjM5ZmVkNTc3YTQiCiAgICB9CiAgfQp9,KzCqcfFQLLaf3y1EJYBxRm0FZvHiP/dOyzVYuU62aO9Woz1PtIoQpI56vMDcCUi30i1LOOxkHGJigZoL7mVHgtaQmy3dfbQw2ThFTE2E5SoEINGggjx6c/JyU4ZCWu7eJfbSrhNlHoanLuMOryOhUByvuwQTORP6qw6/0/vY3i1SskatifzVvwn0jtvBWecC9RJv+tHVJ5v4NjuVa8HJX4Yw8dpfFQhUDouq/7o1Vj4Ygt9SM6kbgteCS6dWyef46g/uoiDJJM+F2Qeuv3+wvKBuiKp36jVCAB+7AlC1WwG/vhFeFDWO+mNk7hVaY0shkWntMmS46ErPawh11x6JAzNyUeakFLsVbjlZUqxmYq0dEQ730AGqnBMW86v1DEMx0Qmv9j8TJ+rqqhy1sF7RvAdtzPBx3tCFd7aQq6PLTWq5yHkmOfk6U5ncLusLQ01bLemvylDUQTrmo2ZXyJI3aMG7q48W/buvEiYUOS8xMCepbeKy119FNqi0i0H722C0m2EoFL98FTEHQzesSZItwRkO7jAcgozjztrR/RbrNmxLfu5AmxMMqHQ8IHofvrt/8Q8gqDK+DOGGAjW1AmG27g4hY+ZkP3mCztmgvPTlZF4zs1c1uRriey+iXwjdJiViDO+VhM4zRpvnsCL19CnO0T353tA8Vimg2TPp56jqOhQ=
ERC1155,4,0xdea45e7c6944cb86a268661349e9c013836c79a2,SKIN,ewogICJ0aW1lc3RhbXAiIDogMTYzODc5MDc1OTMwNSwKICAicHJvZmlsZUlkIiA6ICJiMGQ3MzJmZTAwZjc0MDdlOWU3Zjc0NjMwMWNkOThjYSIsCiAgInByb2ZpbGVOYW1lIiA6ICJPUHBscyIsCiAgInNpZ25hdHVyZVJlcXVpcmVkIiA6IHRydWUsCiAgInRleHR1cmVzIiA6IHsKICAgICJTS0lOIiA6IHsKICAgICAgInVybCIgOiAiaHR0cDovL3RleHR1cmVzLm1pbmVjcmFmdC5uZXQvdGV4dHVyZS9kMzZjYWVhZWE1NDAwOTMzMDdhZDdkMzMyN2FiNTBjY2JkMGJlYzAyMzhkZGJhZTQ5ZjU1M2JiNDg0ZjY0MmE3IiwKICAgICAgIm1ldGFkYXRhIiA6IHsKICAgICAgICAibW9kZWwiIDogInNsaW0iCiAgICAgIH0KICAgIH0KICB9Cn0=,u3diZye6poxApjSU0k3vn7CFuWYEW68wJmaMQqbJKLNZXHTzSlD79qWaM3RuYkYQbpWx/4U97+3qeUF8zUx6V98oia8l5DM3v92z1/F7iqVpDSKkozuZMjkMtBzqAg7BiRv9j56YVkRsU/jt9mgKAvMOX0+3kHfCrNjjzROi+o4XztbZce2ugLV1lCEX2T9rBd4yKzQeUHWVF2ABGKpiBzjNi0p6eqwg6QayIO+5EM5isxBwf9Yq4o549WmdXyK73EF0Gfl4PBG0peTTDuIn4bpZYOr4WppG1BY+/1eGUmyM1CzCNYBY9QsJXnRDSzJLG/PDUpp1UYUiy9V2hyviU4iTCwgzTvGrrdreYFN+pialn95+Kcp0VIh48Q9bjO+WLf9zU7MIriVLfls1qEgynxsovcvH4Ayq5qSnRMrKjQJjdTTv1dGxDmdkkWz4AbJVzwPpIDSt8HwZvYc2V71S7D2t+cU9K3kbnTcPy5c/xB0CK/1AtN3sstcTACJftHe+W+se64wWFU3EpmBmug5rwR2vJhbls4pr4AuyaulgKTKGxLY0ISZXqqrhfv5ndG7WSXSkWWU6/kxDX6t2OoCWRwuZQ9LMZSTrgcTv0RwH2yZ0QqCNG6D9cL4b3ySx2eXtBZ50ziYgyD3O8XkxGP+kMId2XH7vROCAWk0mh+gxmCE=
ERC1155,5,0xdea45e7c6944cb86a268661349e9c013836c79a2,SKIN,ewogICJ0aW1lc3RhbXAiIDogMTYzODc5MDc3MDc3NiwKICAicHJvZmlsZUlkIiA6ICJiNjM2OWQ0MzMwNTU0NGIzOWE5OTBhODYyNWY5MmEwNSIsCiAgInByb2ZpbGVOYW1lIiA6ICJCb2JpbmhvXyIsCiAgInNpZ25hdHVyZVJlcXVpcmVkIiA6IHRydWUsCiAgInRleHR1cmVzIiA6IHsKICAgICJTS0lOIiA6IHsKICAgICAgInVybCIgOiAiaHR0cDovL3RleHR1cmVzLm1pbmVjcmFmdC5uZXQvdGV4dHVyZS9jMzE0ZTU0MjY3ZTYyYTIzYTA0MTczZDEwY2I1YzYyN2JiMDAzY2IxMTk4MmZiZTdiYWQzZjU0NGY3MmEwOWU3IiwKICAgICAgIm1ldGFkYXRhIiA6IHsKICAgICAgICAibW9kZWwiIDogInNsaW0iCiAgICAgIH0KICAgIH0KICB9Cn0=,a3RaOg8ZT2EsusWyksZnpeoCx6x1Yk9qbLbjE9Sc8tmz6e9n1oErrzSN0tH3NPOIW2q8hicT6/tJ/i1aBq652+MvmSc2gxPzp56BNOp5SNMnUHiZW4eC7vriYNolNnRXoyl1RbXpU0YuYYYUCPt5Yg+9naCH14RCgjmgiBDRum3eN1G7Rf6+4ANSFQ88nOmPod+3l451XocAX9RXv5YWtU48aabF7JL8aB5e2gWr/DI2eDigIDi4m/RfLNNHzYnCRZOeUnzDQpi8byuxERUa1VhGGdKLdPe9eYmmmxrNuELaL8ht5uxb7CAjS/Dya39D+MjXqCzYUV9qMkTgOxy/Q+fQvSfES/0672EF0/+OjaZ3X8SyGs/Ckc6UX9MWAUJHPm3eCMpmPnUKgo3I28HRTSEjgEA1ZWP/uGRQ9N599jzqqY4bH5oy/In/aqGu2tcedUtUh59cT/ytgEDhVCUJggS+15hWbbB6frq2koigRpkB4xQafNnMN2Zxx1RS6FN2E7Qm4zBwms/Ba43snkxoZLzplJyIzii8MudvHs5dGhlUTt+eZ6H90B5N6iWxhu3nR9Zx7982ScKBYw0F7SWs6OT1uTAPzkr6pcRo3hV4Pz82BdETxFEL9uKNeCDSTn9pUtseMkIO1EXtkRja+ZWxDu4Iw0kGRFg/Bl4j1R85uKU=
ERC1155,6,0xdea45e7c6944cb86a268661349e9c013836c79a2,SKIN,ewogICJ0aW1lc3RhbXAiIDogMTYzODU2Njc3ODUyMSwKICAicHJvZmlsZUlkIiA6ICI3MzY0ODFkZmY2ZGY0NWUwOTA0ODg0ZjNiMWExMjY1NSIsCiAgInByb2ZpbGVOYW1lIiA6ICJUd2lsaWdodFFBUSIsCiAgInNpZ25hdHVyZVJlcXVpcmVkIiA6IHRydWUsCiAgInRleHR1cmVzIiA6IHsKICAgICJTS0lOIiA6IHsKICAgICAgInVybCIgOiAiaHR0cDovL3RleHR1cmVzLm1pbmVjcmFmdC5uZXQvdGV4dHVyZS80M2MyMGEwOWY2YTYzYjg0OGMxNjBlNjgwMzI4MmNlOGFkZGFlMjNjMWUxYzU0M2E2ZmQ4ODMzZDFkMjk5NjdkIiwKICAgICAgIm1ldGFkYXRhIiA6IHsKICAgICAgICAibW9kZWwiIDogInNsaW0iCiAgICAgIH0KICAgIH0KICB9Cn0=,vswWSfZSMoop7UDLYTO7EhfjT+V3hD6EsME/7iozw6rhIp3KHhinDujYUSZjthrmA9HefIMUM2hS812XfWav8plD1d0+IEXw8LZwYNUPK7At0kZDQEvho1UlsG6tmGreWfBespk+abDt83+HvalPA7TJBTF4L5XG5edJFc7iRl2Gbgit/klcFLFGRR4VPHHq7NaLdPABQKBSGwaABcYMjskrfrNJSto9btznkQBap5jPgyoA3/g/AEQXEtxivVSHlRom0N4kW43d5EjeOxvnGnMXdcMA9tPgc0pTjyRBivziOE5gPULDW5RfQJlgW4w4K38t/SoSUkCEaDkUEld74RsAAzrpyEqLcWk/hq2OM2CKVQ70ltun3N6QyXxg5PdxkjkzVpbpB3sCbDEZvtppkyDO3lx5y/P4llwH+VSYXOtJuAEmzlKOMu3jcykZ8F5Z8igRWSAm4p+dedqyuo9qYi9AZLuCp/cq82FAuCTNsSMpX+9VxED7H3TopDfhDIKTniw0+As1pHwUqYA82Okon07RTSWlXn/LWM1tsPphWTAbhpip+JLBopFyQmVEr0nJ1CNiYmgWa/0VY/LjtxBlIjJABpdWPgsZctHN9HP+PQq8ZPA1NQd8t18GWs/wKm5zDe0wd1smcDP2xqhl7wAGaByPTou6PpTcu7MmVSFmNag=
ERC1155,7,0xdea45e7c6944cb86a268661349e9c013836c79a2,SKIN,ewogICJ0aW1lc3RhbXAiIDogMTYzODc5MDU1NzgyOSwKICAicHJvZmlsZUlkIiA6ICJmMTA0NzMxZjljYTU0NmI0OTkzNjM4NTlkZWY5N2NjNiIsCiAgInByb2ZpbGVOYW1lIiA6ICJ6aWFkODciLAogICJzaWduYXR1cmVSZXF1aXJlZCIgOiB0cnVlLAogICJ0ZXh0dXJlcyIgOiB7CiAgICAiU0tJTiIgOiB7CiAgICAgICJ1cmwiIDogImh0dHA6Ly90ZXh0dXJlcy5taW5lY3JhZnQubmV0L3RleHR1cmUvZWFhMzI2ZTY3YTNiNWQ3OWFjNzYwMTE3NWU5Zjc5ZjY1MGI2MzkyM2U0YTZmYTc5Mjg3MjBjOTdiMjhiOTg3ZSIsCiAgICAgICJtZXRhZGF0YSIgOiB7CiAgICAgICAgIm1vZGVsIiA6ICJzbGltIgogICAgICB9CiAgICB9CiAgfQp9,raRrJMFkF4LEOhVg1G3llsI5IiUUNkEvloY8vKVUN/1ykYM/yAv+JyC4pR3K94wj50657ePI5//fkNkoiZOX0RMwAqItgyaP8Pkceh3TAiG8Wy9kCiaYr37glBb8drbusyoIqrDRYz796gTrEi5J4aZqA5qtScm3PWW+IRw/egf+C89zhKE6W54gU2zwG7qzRQ5BdqBi4+tJIC0qkmox/c5wkcLIi3NxXJ85rM1CgKtL3g7Kgxo+nWiegc1WN7s1jYs9etrLks5MbAQ4SRrXyZyX+i0CRqEuhJiFcU4YL1/KyO/51Dp8J83crSwPUd1ejGpRH6PbdeM36QNPu0f1qx9Wz0xODGtQBAvvni+iDoMpzOV28thOe5n6K6FIQHuGzPhAxRw5bAUypzWh8fEmgWEJ847sP60th1YzD6zloXZU5Ian8GncMej3hrtfZVHvxk35BPfx5nu5PZ3RTrCBYw478TTm5/M7Klc+HWFFEXIbXkavMEdumORBWGG0IHGNtqUHixvBYDB/trNFpzs9ECA+Y9ULokFAu3w42BgAqZek87baJZpbjlYgzR1uC6Y82fI/1PURs9vfz7pRcjxebYkiz2W06BJjXD6z3y8nX/J9pbgkCaTXv1aemTozXHJ+tXGb2Q6Nbqp5HdxLenJnOUZOABuufocwgAQelwwjU0k=
ERC1155,8,0xdea45e7c6944cb86a268661349e9c013836c79a2,SKIN,ewogICJ0aW1lc3RhbXAiIDogMTYzODc5MDcwMDI2MCwKICAicHJvZmlsZUlkIiA6ICIwNDNkZWIzOGIyNjE0MTg1YTIzYzU4ZmI2YTc5ZWZkYyIsCiAgInByb2ZpbGVOYW1lIiA6ICJWaXRhbFNpZ256MiIsCiAgInNpZ25hdHVyZVJlcXVpcmVkIiA6IHRydWUsCiAgInRleHR1cmVzIiA6IHsKICAgICJTS0lOIiA6IHsKICAgICAgInVybCIgOiAiaHR0cDovL3RleHR1cmVzLm1pbmVjcmFmdC5uZXQvdGV4dHVyZS8zZjUyZTlhMjE1NTQxZWM2ZGE3YTRjOWM0NzU5NDVhMjQwNWZjZDI2ZGIzYzNkYTVjMzA0YzNiYWIzZTU3MDhlIgogICAgfQogIH0KfQ==,Ls0drZXkyrwxfCpTpOuPzFOauYGGXNXZvr5dFlkVvPRyRTdQK9XSruRtwKkrZcMke1rGZ4kBE2qt+yid90Bagzb2dV5dm+mbfDuD3Gh6Fykjwqc4LpYAHC4XuMBSwrUTCZQ++NiJWXoXMxFkXeAqWJCeBhQAOQLslpR8GgBk9zHAn/bCqxJg/SWyurQnDQmeo3PH7sNm6oJihuJW+PDTAD6xYRhsk9vj8OVqImRhZvAIil9w9sDRQrmtflVcnCw54Uqkn1gqOQEQI4laoUIoWWIdmyc+DOFOmAyKIJFjo82qLmwQyuEFzMGY5knJks+KJaOKq994ZBRSUbvOek/MfBL1dDyBpKsg3mn8cr/mkvLDOTJ8ZmijlOlbHHKoQWl6ebcQrfhoeTgSzVBTnZJwr2p2JWBD+LzgQasHTEWcKAFATRFeIR5kuebjDJ3+QY8PQBr4VCtPlv81ejG10HWB1h8DU6Wwi5BARyGhBuHcMi7IPRmapssl0P31ViUyjuJHnjkvXHcCHJ9R8LMT0qkI/x3wUbl9dMqxZZwKTXntdlyQgEz2y+U6GoSjqUfjzlvIA3RMAVV8mIKl5LtdIdvWwaFnUVWHJBcIq+NN2ur2HgUjPvojMoj5JTNwQBmZL9uVfqbcaMx4LStiFs1UyuRtTKWH9rQ747pDJkQjZjZZpPU=
ERC1155,9,0xdea45e7c6944cb86a268661349e9c013836c79a2,SKIN,ewogICJ0aW1lc3RhbXAiIDogMTYzODc5MDcwODQwNiwKICAicHJvZmlsZUlkIiA6ICI0NWY3YTJlNjE3ODE0YjJjODAwODM5MmRmN2IzNWY0ZiIsCiAgInByb2ZpbGVOYW1lIiA6ICJfSnVzdERvSXQiLAogICJzaWduYXR1cmVSZXF1aXJlZCIgOiB0cnVlLAogICJ0ZXh0dXJlcyIgOiB7CiAgICAiU0tJTiIgOiB7CiAgICAgICJ1cmwiIDogImh0dHA6Ly90ZXh0dXJlcy5taW5lY3JhZnQubmV0L3RleHR1cmUvM2UyZjFjYzg5NTkzZjlkMjY1Nzk4YjYzOTQ4ZGZjZDJhNzkyODExZjM2NTE5OTAyNjU0MjlhNTI5Yjc5YjVhNyIKICAgIH0KICB9Cn0=,VstxcSiX0jhWzYScy6E2lOQprtVkQgrVi0RW4/qSZineHMCM5MJbEVDfMn1C4GoQSoTmp3xu/ljKl6BfLA69ht0FDZHxj1L0MoNCBp57NF6CPzicH96J2IAcAg1kgal4mFXtVfdHkig2sr+dUx+2KVNHVMmNLZF3P6cTr0C8IOOg8JBHRB0ZdJohW1sVdkXkz7j2auT9Dtuj3nsXufy0txIPQHpzNvi6Test2QeZk9vJCJ7lSjFpRBwM3z/t1L+uN0C+jIe0GAhVPoWVkz9UqAG3BHk2uUdSDsk8+Ra7MkJCIVvodhinq61U8L2N+176J7eHvgNAGLN/clw3JjjsYH0llQH6PSy0zNLwlnNqH/sKDr2n88CV9fL1jnTJX1gb1pfopojggUHtNDuF853qjSezTx8sXhEV43ZsC4zRQ/y7mtyDBsaH2Dssi94+ljuf63m42HxflAsehtB3HV9AYANY0mFbeu8hRpst9hXGBDW4ipQrVEsTDnDitABl+KJaMNO5xvTPYTUJONsjIxK6vwAFEgVCFS8+d45FVjWvWrWiNmfF398nVsEgev/xmDjud4wPoT1MZtzGj1h5BKXys60eLuqL+Z8WlfAGEbR7w5lUiObMVOfhOf5qRhIW6YaFpYZsS6RW5yR1/71ADiDuB3WXed+lItPFd29FK5zJ7Bk=
ERC1155,10,0xdea45e7c6944cb86a268661349e9c013836c79a2,SKIN,ewogICJ0aW1lc3RhbXAiIDogMTYzODc4ODk4MDE5MiwKICAicHJvZmlsZUlkIiA6ICJkOGNkMTNjZGRmNGU0Y2IzODJmYWZiYWIwOGIyNzQ4OSIsCiAgInByb2ZpbGVOYW1lIiA6ICJaYWNoeVphY2giLAogICJzaWduYXR1cmVSZXF1aXJlZCIgOiB0cnVlLAogICJ0ZXh0dXJlcyIgOiB7CiAgICAiU0tJTiIgOiB7CiAgICAgICJ1cmwiIDogImh0dHA6Ly90ZXh0dXJlcy5taW5lY3JhZnQubmV0L3RleHR1cmUvZmUwM2ViODNjOWUwNDBiODYxODdiY2NiODExM2VjMDQ3NzNiOWFiYTVkNWMyYzNiYWM5Y2YzOTQzNDc4YzQzMyIKICAgIH0KICB9Cn0=,aG17NKmxh93pCrjRvSB8a7SO28LWtdwfPSWzu6l78SD8qDD2KRbT1lCCuwjj3MfaM1PxhLre2NAxfys4I6w4bPRPcyg3y4kPkFbLI374wuitewFxeFzImqXosvsYIxZYQxOEUjwfVBHJN7CpiQDqHS1mVigVxbLDKZrrC79H12qgFCFyoCsaYFGUxmvQZSTO+ZEjjv8V4TCu8SlqKGAgkt8jOAN8OoIwP/WHZ69Hq4BwuHs0aOBT1gF+fXeBouAe5/cFspR8iEYTsJJlsb2WazCEv8MS64XOcKY1ObP/vWc7lJf3Adnpb6+qKC2d/lbnOH7/EXUi4Y0QZorL4Wnc3Ddzx0nvpZ+5nlf049dHE1P7Dwbnhd3Q/5KEfdgMNv5Y5pkebhbAqodxPWNZlBhLrdJ3FBoCu3BaWIR5pQH1YvxjYjz5vUxfOy6UYQ8GGqUnunO+6cfBy8D2cRcJvtbvopjOfuxwXFgUJzWGLeodHwM1qAGkJS0Z8oE1J3QbFJcKGR+UMFEaL4RVQNriA+78UPyeJTYmW+G94biTTBAt/uCPnv6jols8MvkiMnxM9j6oLrbz2PYETpyqG2dvHICR04DocqkcVibgL/EwE56E3TdxidAdlSnxUKiS1aJemwsDshXTX7qVk/onKZhKVTGTjbje6GPprDYsg+IlH3jY6iU=
ERC1155,11,0xdea45e7c6944cb86a268661349e9c013836c79a2,SKIN,ewogICJ0aW1lc3RhbXAiIDogMTYzODc4ODk4MzEzNSwKICAicHJvZmlsZUlkIiA6ICIxN2Q0ODA1ZDRmMTA0YTA5OWRiYzJmNzYzMDNjYmRkZiIsCiAgInByb2ZpbGVOYW1lIiA6ICJnaWZ0bWV0b25uZXMiLAogICJzaWduYXR1cmVSZXF1aXJlZCIgOiB0cnVlLAogICJ0ZXh0dXJlcyIgOiB7CiAgICAiU0tJTiIgOiB7CiAgICAgICJ1cmwiIDogImh0dHA6Ly90ZXh0dXJlcy5taW5lY3JhZnQubmV0L3RleHR1cmUvMmFiNTg4ZWRjNTU4YTg0ZjIyZjc3YzVkYjMzYTg5NTgxYWM2Zjg0NDRiY2ExM2JiN2UwYzg2MWQ1Y2JjNTgzZSIKICAgIH0KICB9Cn0=,weUac9Xv/HubL0ipnX1oSmdyVZvyAD6U4frPPoWufhZFMz2lqJLdUVortHo/ZO2fjWAhF9ybSz6JprznsFECpibspYEW+RJ+YDUqsl7yozLFEnmlatzlQVIBSvrLH4LzPj/ZnVC/ohDHFYMZ3O5D9hLKjBpzhE3l+Zx6C5NOt7PBRlS6in80vxFth7twstf22uJt4pd5GVKQPBsxDw5BgctYue3WonveK7rWYNBsYTjKYh4vnLzgtQvjF5FDleRWxvVf1vFvKeBJV2AGDSQD7QIP/S2FRCEWHvErrZRvAbbCtBV36n6mO8vyvPcqLHLus9ciCfawncQ3K4P0kh3cyY4NF2vd/y3mXdeZSRb0PtCAKfhCbz2WuYEbTDnrjvKPREjUKUO1OiAJlVt58ORcysR3fXSim9sScYl4s35LS8C5BT0iJcenRm7iqdxtqTiK6Zjo7BpV/3AqQzlrO2pgTvXSYQwHHxv2kVbLi2fMOIpxjla2gKmoADsCoFw0Ow3tj4VytVeBV+dLGyNzozIbKobc+YDC1pHrBXusO8/bn17UQkVzjxY14sFll6+h3NUPKlFWQ9yphWkdkeNaJyARkp0jdFNjoh9hP8Na7M/vq+iKKSZN16/s/LokCgptm4pMGNA62xVwmPJFBkTc6Nf2+9DPBAe61oMo/iXY9lpZLwM=
ERC1155,12,0xdea45e7c6944cb86a268661349e9c013836c79a2,SKIN,ewogICJ0aW1lc3RhbXAiIDogMTYzODc4OTA1NjMzNiwKICAicHJvZmlsZUlkIiA6ICJlZDUzZGQ4MTRmOWQ0YTNjYjRlYjY1MWRjYmE3N2U2NiIsCiAgInByb2ZpbGVOYW1lIiA6ICI0MTQxNDE0MWgiLAogICJzaWduYXR1cmVSZXF1aXJlZCIgOiB0cnVlLAogICJ0ZXh0dXJlcyIgOiB7CiAgICAiU0tJTiIgOiB7CiAgICAgICJ1cmwiIDogImh0dHA6Ly90ZXh0dXJlcy5taW5lY3JhZnQubmV0L3RleHR1cmUvZDFkMzBkZGE3YWNkN2RkNmQzYzE3Zjc1MTAxM2Q1NzBkMjIzOTdhZWVmNDIwMmVjNDY4NmY0OWI5Mzc0NGRjMCIsCiAgICAgICJtZXRhZGF0YSIgOiB7CiAgICAgICAgIm1vZGVsIiA6ICJzbGltIgogICAgICB9CiAgICB9CiAgfQp9,GoDunsEHOEaqhMcMTuXOTYUVKBVtC5/dn+Z3Qlg81ifRLpvR2r0kxTupCZKPEBNBYNZ7MwOak98eWyM3LpjmCi1IbgDW53BY2HK1bumVL2r9H9mNGolul1en/dq3IJr/J8dHLz+CxdoVJsWaMTpVFzJlF6KiWmOybJZti4vBBKNZey3bQwdWEz1O5pNGzxEJNLwX/lv+n5K0aUj6MCprBCA45uIossxRziYQGYpB1/3cnaRF1kElc8WwZlBJtgINk5Die5G3PZpcsMlbDqjtnksGgxk2ncjRa+zhgHBZNLdMyrdG4BPP+nowL7Qe28a6E2AOmpd6fgqZLpGaUPEsku6eghGT7y5bKvqQsDZn1wLiEcR+/jw96P6g+tdtLIc6NV9V3uvcIb/4s8+dbEva3IlL3UYIb9gL3HYR6ZjTKrFM7TF1GaTHoXYsZts8IAQPTLfERulKyJNgnsu5gtVuqFQKHWvkpEyQcwiTBqDUY9RRWmhVjVOoQpPGEphbtV2MqQMUMEN4Rp4Jo/q1sQXEwHkJXw4ZGAORVtPEXnske3pfWGOlZ/ohK+L4fKpIHWMJ5NMPFRZKerCzs+t+xs0mWga+HTrDq1H8GvQlVrKz2KmuEnDR9AIEY6v8w+kdo0oVcwVXIcAsl/tlZPmOBrnn/mkoJDeAFfXHo7DtmYjkd5w=
ERC1155,13,0xdea45e7c6944cb86a268661349e9c013836c79a2,SKIN,ewogICJ0aW1lc3RhbXAiIDogMTYzODc5MDU1MTk0MCwKICAicHJvZmlsZUlkIiA6ICI0ZWQ4MjMzNzFhMmU0YmI3YTVlYWJmY2ZmZGE4NDk1NyIsCiAgInByb2ZpbGVOYW1lIiA6ICJGaXJlYnlyZDg4IiwKICAic2lnbmF0dXJlUmVxdWlyZWQiIDogdHJ1ZSwKICAidGV4dHVyZXMiIDogewogICAgIlNLSU4iIDogewogICAgICAidXJsIiA6ICJodHRwOi8vdGV4dHVyZXMubWluZWNyYWZ0Lm5ldC90ZXh0dXJlLzg5YjRiZWNkNTc5ZDJhNDYyNDNlN2I0ZDZiZThkYWUzYjRkM2U2MTJjYjExMTI5ODUyYzYwNWUzNjdkNGE1ZmUiCiAgICB9CiAgfQp9,bHaYMje+2qVwx1OAFzfqao7wNE9l7h35YC8Xwsa40cSRAPkQT71tMoTAWFTghrZAQFQFphJVcBGWOS9yyEdgDLx3V3pGgnYixk701hYLHom4hEwR/PcYjXPLb+iv8n7XPozcggWe+vc7NX++Srcdm995IisFR49whUbGQNVkZ9Zyq+ml8G4LR13Bx5vvncfzKpHewiA7bK9j7cdWxK7QV4tuINQ3kGO/CkfIsVTS0bSOqUlEBpNL4qHjphGZ3j1XI/Z5YbPl9V3Ku++8Zz0bmYtwyVmomclzm0u70Kn5Yjd6/Xl74+pz+WGFLRkz2c3uv7kdj3hMJrC8qvW3qTmHfP635AmQ6JSPV9xM9S+Zk8jsxLIK3psmaqDmEj/09mntOL/ysUcAhAXS2WrXnYW1DXO1zFNdKnn1O2OwsBLaz7i1Xa8jg158Saxr36hOKnJQP/rqxG/paz1GBZI4sFT9TKWpZxNgALpelJBx59JXfDwF/7/Ed0bBThwNDaxYi7Ewmc6+co/vykxe8cPYTMBvp+4YOD+cTCc72HP94XdEsY4YnlSV+7na/zcSS3Qny1E4IAARPwZkaamnrhOvFS7+dgSVWPTbUoGtkQJAmG4bCfGJN5/eJyIkjjzJP6WPZh4buOrbRdGIyiEVCVzdn5l/Nzz3KYFcAEk8G9d5GlGrhIY=
ERC1155,14,0xdea45e7c6944cb86a268661349e9c013836c79a2,SKIN,ewogICJ0aW1lc3RhbXAiIDogMTYzODc5MDY3NzcwOCwKICAicHJvZmlsZUlkIiA6ICIyMzgzM2VlYmQ2ZDM0NjJjOGNmMTljY2I2ZmFmOWJjNCIsCiAgInByb2ZpbGVOYW1lIiA6ICJFeGlXZXhpIiwKICAic2lnbmF0dXJlUmVxdWlyZWQiIDogdHJ1ZSwKICAidGV4dHVyZXMiIDogewogICAgIlNLSU4iIDogewogICAgICAidXJsIiA6ICJodHRwOi8vdGV4dHVyZXMubWluZWNyYWZ0Lm5ldC90ZXh0dXJlLzEwZDZkNDFhM2MyMWI5MmM3MTYxMDI3OGI3YTc5YTNhODAwMmJmZWVlMDI5MzQ3OTc2MzYyNmRmMWI1NzEwYzAiCiAgICB9CiAgfQp9,yHX15ObHzuRRMBySAi/U0+CBc7OY5GKoFqY65LQUT/XRZCeJj9ZUgbQQYWbh2gSFxGYsoikTwENmWHbO7beoxv4V3MY01uaPpK299mB2n5xdB1Dicx3KJyfwNmeDJ8VuI4G3JbgecdQunpMPsB25WwP0lzKoh1PIbRQ0nBIy5l+9qgbt7qugxIilwvipzFvn9DB/xzMZMfW0PIUBp4GcC2PKpIh54bB7Rm2WB/DJCfApzTQsya25EA5YnFk1U64hlDjhgtA8LvP0wVng/DberiPH2HfTywXVbUG/2e47oqacLeFpF+CXg6G6g264dlO2YSP4vksrXIjb6pGT8RJ7cZuRewnjGrsPxeI6KN9rwsMhs9w49WIgeA9U4R4qKlhbaTnB7OUMiKIQSNJpfv7fBC35+tkEA+g15XsTLUzXdC2tT37osxq+nSDJTooPOb/fS21em7ATTOIqpN4uYAYUW1vJmG/q6jj58cp32MgAXDrWwAxPfnz2sANsioALUIVPb9SweNjYSWEJVCMPNUkgdf1MfaJtNviHnNR4OlXMULRiFJnuOA0XB6vWBpMFXTQNf6gFcv+QfSf26aoD6KNxkKStq1taJWCQitIBezgGwOhANOZEEic2m9Qzwx3veHl1w9GrVXjrsErp/PbFQ3g3yStbgUCmoOL03InjzthPNoY=
ERC1155,15,0xdea45e7c6944cb86a268661349e9c013836c79a2,SKIN,ewogICJ0aW1lc3RhbXAiIDogMTYzODc5MDY4NTM4NSwKICAicHJvZmlsZUlkIiA6ICIzNmMxODk4ZjlhZGE0NjZlYjk0ZDFmZWFmMjQ0MTkxMyIsCiAgInByb2ZpbGVOYW1lIiA6ICJMdW5haWFuIiwKICAic2lnbmF0dXJlUmVxdWlyZWQiIDogdHJ1ZSwKICAidGV4dHVyZXMiIDogewogICAgIlNLSU4iIDogewogICAgICAidXJsIiA6ICJodHRwOi8vdGV4dHVyZXMubWluZWNyYWZ0Lm5ldC90ZXh0dXJlLzFjNTEyOGMyZTYxNzFmMTZmMTQ2NDMzYTU3MDQxN2MyMzA5NmU3NDQ5NTljOWJhOGM5YmFjNzdhNTU1YTk5MGYiCiAgICB9CiAgfQp9,TamJ6KZrp78OqSCLtFPlcvE13LVHP2/Ktt06TMqnKOPAHBGtKTlTR2g4oMt9+70V1FBRpDQK///0rIXzt5h5KmFcue9A+m3wO4QMHVm/dSTlY+zy0/DZ82WiWAu3/XI0o0SmhVYKfPE+caa3591RaQ9sguWRMFpji4hKmQ0zVJ44JORTEs4bKQYMAYblgEGnX9i6GK9K4eCgax0ItClmS6xhwOnCaGYswKy7kS2g3PkWN27SF0fiINrN9ESB546bJlUobeqwgtV+nli1azUwPXJvZaGsPH+AwbaQkjhv7PbnU0SO51/42QmRApmt+f4BVqFuZPCWQJy+8R0erwLCMlpKuRwEN/RiMfA02O5NXdKPg8dw/3vmaZElMwz74vvVhnw6LXO/SiCO4/et4zPJNs8OLHz7bwa6w7n1+mAwcauzI+vYJWuyp2dVEZOoRAXMJni6xszMMSXX48uxBOaST/8kQ3lrdCUafztOSa8ZQhBDj7+VT7XusnMwN13sAFWwxzSrXuQkZ3UETOAEz9HGN6/uORAiEVGLQx3UV06dVkc+WGVINNMamAlwKbhQqW6XPWrdTxiX3fk+PvP/nuT6gys30e1YEPGEXSIjYe/JX/ov354+0wTiwj/Y417rtfoGzLPSNrj+yIBYC09ajX3RoO/GFABtFPvhX0xLTBvmDPI=
ERC1155,16,0xdea45e7c6944cb86a268661349e9c013836c79a2,SKIN,ewogICJ0aW1lc3RhbXAiIDogMTYzODU2NjA3ODQzMywKICAicHJvZmlsZUlkIiA6ICIxYTc1ZTNiYmI1NTk0MTc2OTVjMmY4NTY1YzNlMDAzZCIsCiAgInByb2ZpbGVOYW1lIiA6ICJUZXJvZmFyIiwKICAic2lnbmF0dXJlUmVxdWlyZWQiIDogdHJ1ZSwKICAidGV4dHVyZXMiIDogewogICAgIlNLSU4iIDogewogICAgICAidXJsIiA6ICJodHRwOi8vdGV4dHVyZXMubWluZWNyYWZ0Lm5ldC90ZXh0dXJlLzM4YzdmMWM5NWM4NWVmNjE2YmI0NGZlN2Q5Mzc0YWQwZmE0MzUyOWY0MTRiNTMzM2QyM2FjNmFlMmRlYjYxZWQiCiAgICB9CiAgfQp9,decdFICeL6mPgdbX26oOdsFdJ15bKtU8c4+P5bOUuwVExUbVtv9uZmoRzmxAPGWleiqYbgD81isCVCCB1p0yM8G4/qCKqxikEsnVO8KTYQMj12GBQ3dg6kKB0X+tfI1z+Z3YK+qsLxECALBXXq6kjXUY8+rJLAYe825nU2U2YN8JXXjFdqLpUaLYb0BE0O/kGhKTxv4m8bND8QdoKcXRjBY2W72RtjgPJGu3bLrzwrFiEFrURtfXcIs4gD9PXQk9GdCm4QY6ZzKY9u8K/G+csl8VBs2I70TrtwKtoFMiv0lvXJRV9vF5l+P5n6XaG9I4LM3hEN5HUaYddHJzz8Z836Ul7zD3rAALA+ERYibz6kH2XNmup3WLojnGuRj/v/ZAQ8TaJ+sFoTdUOcoliAtxF/oz1YCmfGMYCHrLBtaMEUcaT5NPDhN5kJDOQzXN3qFGXnyf1fSYmGCvS2R6xdUSNbbq0ZBko+z9dtFx4G62SBwsmmWOcQsTIF7k2rYr2fBnQcdwPLFCe7Q1qVr9LFUKKf2Y6Un2ok/wjouLY7MXjhbGrsHM5axhLWzPRgGAZruvNu8fl80X5dZhPyKHiI9GlLY0wlNQ02m6ATDtps2/EtzHeDWe+rUut/7Y+rqS5kv8stMBuNgXzTT4UcQ6Lw8j/ExZtPjJQc8XFiA0ncs8C4g=
ERC1155,17,0xdea45e7c6944cb86a268661349e9c013836c79a2,SKIN,ewogICJ0aW1lc3RhbXAiIDogMTYzODc5MDA1ODMxMSwKICAicHJvZmlsZUlkIiA6ICI5ZDIyZGRhOTVmZGI0MjFmOGZhNjAzNTI1YThkZmE4ZCIsCiAgInByb2ZpbGVOYW1lIiA6ICJTYWZlRHJpZnQ0OCIsCiAgInNpZ25hdHVyZVJlcXVpcmVkIiA6IHRydWUsCiAgInRleHR1cmVzIiA6IHsKICAgICJTS0lOIiA6IHsKICAgICAgInVybCIgOiAiaHR0cDovL3RleHR1cmVzLm1pbmVjcmFmdC5uZXQvdGV4dHVyZS84OTFkMzNhYTNhMWM1NmVjMjU2NTFhZjExZTMzNmY0Nzk2ZTAxOTI4ZWJkZDMzNDRiZGRlZGY3OTQ5Yjc0NmE3IgogICAgfQogIH0KfQ==,r6Qh4kpIx/yByqM+b5rZ06YCPUPYW/7JuvN3d/KL6PQJAUkXIOFayuhIngYiCseoNyakqgWaDnJsHedlBQkHyyEpwW8lsfrE6+H4J1jtN5uwUxfl8RMw5siLg+tv7EiS8huWatDPPz+vVBIVKL3OFWnjEs7JaXDyn9hqXWLws9J3bHp8tf6oB/a2a8G/DAgFpz1uJshFj3jFTGVfEe242JoN2R0NJRF6YdaVB6TQrYXOoAFSwG/NPgIc11oc8GlW2dKMJ6pwdzQi1G8EKN3pkR06QB7q+7U1ug2gRigUJy9a5AiT9fHivoEi8unam4gfvfKbtDP3xkMyb4ZHvOU7tridPs6dRpk0O+kJSxSkfEYsAYU6buUEmFsnBX69w5u5CsB2x+ucimPd9xQD99FcEfIe9ghL+7vFk9h3dfspvC5Qv+3FkmoJAyRwJAj3wSRLbZ82+qtYjs4Kt6/ZCRriC9aMhV5fhQ4t5TxxASOs3YgCN2gYRtGpr+Y3o9svzoz9XNaPbDmeF+YtjBIqqGlomy4w80gaave3BEQFDzJN6TBd7GpUpBxYaBYnnOa4l7pgf8SzfMeQg2rAeo6PvpUHeCmIQozh5BD1sDkV1L3sgLg60puVaLqdiNloAK83gbTOavyTAc/YQ8cBbG6Sd2cZryDdlBxq+1PPYMPj7K0xCg4=
ERC1155,18,0xdea45e7c6944cb86a268661349e9c013836c79a2,SKIN,ewogICJ0aW1lc3RhbXAiIDogMTYzODc5MDI2Nzk0NSwKICAicHJvZmlsZUlkIiA6ICIwNTVhOTk2NTk2M2E0YjRmOGMwMjRmMTJmNDFkMmNmMiIsCiAgInByb2ZpbGVOYW1lIiA6ICJUaGVWb3hlbGxlIiwKICAic2lnbmF0dXJlUmVxdWlyZWQiIDogdHJ1ZSwKICAidGV4dHVyZXMiIDogewogICAgIlNLSU4iIDogewogICAgICAidXJsIiA6ICJodHRwOi8vdGV4dHVyZXMubWluZWNyYWZ0Lm5ldC90ZXh0dXJlL2Y0ZWM5NmUzMGU1ODI5ODdhMTM3YzQ2YjM5YjIzNDYzOTA4ZTczODQ5ZjY0MjFmMmMxZDcxOTFlY2Q4OTQ4MWUiCiAgICB9CiAgfQp9,Riy1BTLT4X2d+cFNOjAPp/oo7p2rToQr8t9jk0r/RRdJh9AFDoSX2iIyb9fdimz3ctClOBeEQYxN7PRLUs5p7cYDnb3D4Q3eNiWYfKdfkv6IBSHTkRrsurGKj3fqAj+b+fg+MFwleOeVh6wrXlJRKSuc1D0TmkhHaPzsOCM3fcjFSyY10I+fERYt+cEcyGenGY4CUYNr7ljc/NEjq9EgCcmz9AlEB8XnS/fvHbvEXGc9GF95TzX5LEBx+Y6LkNeew8D5olZCPxXX463MbDJSFEMIXZkoOH2PUyjSKu+W6EYgEypaUsaTN9syUJjRnxZ6ZOAdk7cDcOJiPFI2XTetytEshGOST27eOtD1nYottb7HrwaYAQJ4MjgjOOn1YVgiD2tWsEOCorVC17GsNROZtP26wm86uKCX2RVaohOPcgIs/wXCukr/dorOn0MrhJqNH9AvvQSlLpd9T1WATTwIeS2d26H7fmVHRHXUQIE8SI1ygfe2dAw6rNadKSE6tAPJS4Yx3BfVzsHctg8NpBAnuG7AUZX7xrzpBo+IixpYQV3c4zye9zcu0oTR1tt/3R35Mk+wJJAua8dLcrc9vXUVfUJLWB1FfxcZeLlgRNsssv0yK7tW9jHXmH378Idab1TOsXoPpjc7JhalfEaDrF2ju+hseGh7pximDkbhsQJH7Yo=
ERC1155,19,0xdea45e7c6944cb86a268661349e9c013836c79a2,SKIN,ewogICJ0aW1lc3RhbXAiIDogMTYzODU2NzE1MzM1OSwKICAicHJvZmlsZUlkIiA6ICJiN2ZkYmU2N2NkMDA0NjgzYjlmYTllM2UxNzczODI1NCIsCiAgInByb2ZpbGVOYW1lIiA6ICJDVUNGTDE0IiwKICAic2lnbmF0dXJlUmVxdWlyZWQiIDogdHJ1ZSwKICAidGV4dHVyZXMiIDogewogICAgIlNLSU4iIDogewogICAgICAidXJsIiA6ICJodHRwOi8vdGV4dHVyZXMubWluZWNyYWZ0Lm5ldC90ZXh0dXJlLzI1YjViN2M3N2Y0YjJmNDkzMTMzY2UxN2RkYTlmMTM0NDlmM2M3ZjM1ZThiY2Y5MTE5YjU0MTIwMzcwYmRmOTUiCiAgICB9CiAgfQp9,xoqgxYhbjBYy/xcsxzYsi+p/wxophEYu+Wit04jzTLWvwT54VujOehglljSPcZzHeu+WIY+nJJmOJoKFfZy8zq4WtaFBgPHfiljYmWCC86cT5bNgSTY2lTWMWsEF8IlF7hf4aM/8EENTLyFihs9jTDp14v+WXbXga9NPJENp2lG95zWFScGNLdRritkmeQICf7luuzC9Xnju4jAx/UI6Pjlb91yhzDfLIzfJ3fM1leb+DW4Ve6rt+GxX4eCndcVH8ZGK/LV7WTYi0QGDWF2kiC3Dgjr6r4poXfI98cm+tmzCfHw4XFoz9JkGj4tGDvHx2oGBobP7/8EMj6huVEqq08NdnsdiAMAVoXflgZ5TFBCwD7vpzmkoln3TCcXauyAPkmPfTFTwHsbWX0NulJtx9XAsJbhUAVqIqwdQTokszLquPzJ2p9EDJvU0mb9h0sl8R9PvxvAIX3TQOHBYzKgvBONENY/Q9h9JHB+jcooiNrWtLDkJsS7kSjycmk/49/ukBOkpu0LWrOUd1dLQbHTO9lywtWivdW/rgxToCTG+8fn1vnZr2wkYqG7IOpd4KLCB/cczRzWy8UQp4tzp82m9eQWVXVfS3rFTX4C710J0iR7Rff0OJSFVUhCTrfI20o5weH4DHSY38CCEotPk/hUdGOUe4v2RnHohAdNbsROadqs=
ERC1155,20,0xdea45e7c6944cb86a268661349e9c013836c79a2,SKIN,ewogICJ0aW1lc3RhbXAiIDogMTYzODc5MDc5MjMzMCwKICAicHJvZmlsZUlkIiA6ICJjNmE2N2QwMmY4MGM0MjhmODYyNmQ5MjhlOTNjN2FjNyIsCiAgInByb2ZpbGVOYW1lIiA6ICJHaW92YW5uaVdpamF5YSIsCiAgInNpZ25hdHVyZVJlcXVpcmVkIiA6IHRydWUsCiAgInRleHR1cmVzIiA6IHsKICAgICJTS0lOIiA6IHsKICAgICAgInVybCIgOiAiaHR0cDovL3RleHR1cmVzLm1pbmVjcmFmdC5uZXQvdGV4dHVyZS8yMjM2Mzg4MTg0MzA2MmFhOWYwYjdiZmMxMjg2ZDA2MzdjMTkyOTkzMTRiYzYyYzUzYTc2NTg5Y2ZjZmM0NGIwIgogICAgfQogIH0KfQ==,Mmf88EM6wjtRhAvCPzivniFye4s3wE/udoYDnj609n3W5xQtjJ4x4+vQjgwBbpi2VV83Ovrk4VWJwdnpXNe3oVzqGH00O558fv4OhpRRmfBWrfld2qmnQOegvozZNPKbjchPS4mWPrubBjBR0IYuMNryjY1cA2fKnxzZLmaDKGh/ZtgtdK7S3BSdCjnPfGW6HuIfpB6kHXEQ3//bYAEZv8lCOM4UdtVAnLKA8mZGtNxpEmiBNeRNmzY79dJqLcTlMD0qP2cuKPIu1gel5aOWXN9Bd/khrU6jyf6cXZJXNYelH74tgYWWKNQb18NEe312AtAzcNBKUzkM/4A34vykx7ZSKHXLxiiMqwfrmgwJDPVna7d/eptHGZXWeHOi64g+fxWhOsOZ1MvJIPPqofwo/G7hlFc/n6XO61qsAURIsIZZuXu9NzdJm++eCGgRKZUYnJuqZyOgzVnFuJh0S/ciwU+/6AXlqT2xPRvbwVphR7Wlc9Y30qQcECHXnWUf7i4cRfOoFHnRV9gyqk1j94vydP0Y6NlbImk9bNkxhjH2VdRw+opvET6RoDzeLc6vCMCQFdbItEwJK1+1Vv7HLtwGKENxq8FZHL1WOyZEL1rE/xc3zYiqOKTnYK+JYsox6fmbFKMcKNSxgGEJsU4wCfldzaQPUzCrtyAjAflOH2hIjZ4=
ERC1155,21,0xdea45e7c6944cb86a268661349e9c013836c79a2,SKIN,ewogICJ0aW1lc3RhbXAiIDogMTYzODc5MDc5OTk0MiwKICAicHJvZmlsZUlkIiA6ICIyM2YxYTU5ZjQ2OWI0M2RkYmRiNTM3YmZlYzEwNDcxZiIsCiAgInByb2ZpbGVOYW1lIiA6ICIyODA3IiwKICAic2lnbmF0dXJlUmVxdWlyZWQiIDogdHJ1ZSwKICAidGV4dHVyZXMiIDogewogICAgIlNLSU4iIDogewogICAgICAidXJsIiA6ICJodHRwOi8vdGV4dHVyZXMubWluZWNyYWZ0Lm5ldC90ZXh0dXJlLzdkODcwMDEyZjE2ZWE3Mjc2ZWM1ZjY1MzcxYTM5NzNhZWUyN2E1MGNkMDU2NjM3Zjc1ZjlhMDE4MmY1MTUzMjUiCiAgICB9CiAgfQp9,tQYSh/yx8iiRaZq5T2ZT/Qud2DOn/mbAa/vdyNjbgeMZTKP1kCzf2WYOpdr4P9x6qD9NhlSC7r+dFU5mH0GU6jlwc7ivo61L1ChNxyHL7Thuyc1UUycJwdOFMFc4NAkQc7dmzrmQ33kyucRLq1fwogqZQILlJbAKEpQqYc29/9Bd2WsNfwsHSwePK8xBv0MY5Z5pKJ0Eh7BNtjjdCLO2yocr/yovqpdRrhzh7hP9p+p9gBXcUwCOKVDSw0n+inMa8AUUt8PcihbFQ2Ey3Zucb9cgVZoxi1OBZVUdhWnyQ5+Gl26XcJ7r/6NqsNgG+Ecc9+WP0LsbhMTFYknrJCSe3oNaru5rXn6bfva1BeI5k0U4EDyDl4QomzsCVRb0MMrH/yubCmjtSYOzneXXlFWEboc0NdDrYJd35VAUfwy5hi/qIOlDm6iBML5rf/dJLf98+KxTagN58lK0HKBCCzax0S0IAbh6VYTDKKeM1y+3N3HNanOkxdkhV0a8pQkk84Y11XAOpxDcMpK51TFeZD+bPp1nIQHhmZN9Q4j6qL+uSit3HLFrCZHZ0D9M4BsSknmZ7/YseBz2MFZ7REYQYtF5YMsyYWX4Kxg6s0vHDewEuVu+Q4MTcm6IerDoth76UtgHmPc0mIXK1298IpAIQG9Adb5yJ3IpK9x/UZbf597K6dI=
ERC1155,22,0xdea45e7c6944cb86a268661349e9c013836c79a2,SKIN,ewogICJ0aW1lc3RhbXAiIDogMTYzODc5MDczNTIyNywKICAicHJvZmlsZUlkIiA6ICJlZDUzZGQ4MTRmOWQ0YTNjYjRlYjY1MWRjYmE3N2U2NiIsCiAgInByb2ZpbGVOYW1lIiA6ICI0MTQxNDE0MWgiLAogICJzaWduYXR1cmVSZXF1aXJlZCIgOiB0cnVlLAogICJ0ZXh0dXJlcyIgOiB7CiAgICAiU0tJTiIgOiB7CiAgICAgICJ1cmwiIDogImh0dHA6Ly90ZXh0dXJlcy5taW5lY3JhZnQubmV0L3RleHR1cmUvNzE2YzA3ZjA5ODQwNzNkMzViNmQxMDZkZWFkMmJlNTk0ZTg3Y2UyNGZlMDcxYzJjMjAyNTYxZjEwYjg5NWExNyIKICAgIH0KICB9Cn0=,ZLdU1UOIocI4XXjO75OBmqZiVDp5uKo2bD/ealTdKvB6UNeIe87W/iuIzt2fg/e2rGIJBJI4O0SroTI9ETJGTFkEcbdWK5iTg2Me5hNYfS40CTfYIviDQPBRFKNWlHO7qID+VRWrLQ78zTcZzp2BonmDpgInPGKZ1ijAWMFMcica6pI7m8tn1n9jfkrqx0/y/cyVPTe3+t+tT9UFNymiXUu6K3isYwiuCri/MLN0K0QVJR5QZ7QuArtNRXxD8IDd0LIaFAXPbwLW1IntJITdG/u9aUgNx6MbMlIz1W/gB+XIsS6ONpjomYiJuLxXm7K71XDdKauyGMDcNO5sUf8IQBM3b2jtjrlN/yILAcxX8Infn86mJw6sa/dSeXR2rxrbRfGbpCasGabyyXdq0uTEAJ48UqNfeyb22TfqT/oPdprarO4Z/IQ9PnaNqhGZ0c0yHjtW4xQU3/JMMERsubeeXcb8D5IJSMMkHbw4EJdu2hcUS7iLK9q4DIg3muwandHZQCUU6edO7Tdr/RROXWqQrP+zAZpRQoMuj22YvfvQTSZVIr1RSGJw0FPDkJfYkC72DMgEGLD1ZdJWPkb+LpyI+6KIhN3pNMg1tkOQ2lcdYTIAI49PhQCFlGA5N4pak9pmnkbNez4RZpzfc5lZh9ZK396jg9Q1V/4k6tZuPTOl3wM=
ERC1155,23,0xdea45e7c6944cb86a268661349e9c013836c79a2,SKIN,ewogICJ0aW1lc3RhbXAiIDogMTYzODc5MDc0MzQ3NSwKICAicHJvZmlsZUlkIiA6ICJlZThjNWMzMGY3NWU0N2QxOTBmOTllNjI5NDgyOGZjMSIsCiAgInByb2ZpbGVOYW1lIiA6ICJTcGFya29QaGFudG9tIiwKICAic2lnbmF0dXJlUmVxdWlyZWQiIDogdHJ1ZSwKICAidGV4dHVyZXMiIDogewogICAgIlNLSU4iIDogewogICAgICAidXJsIiA6ICJodHRwOi8vdGV4dHVyZXMubWluZWNyYWZ0Lm5ldC90ZXh0dXJlLzI2NzlkNzJmOTk3NDI2ZjE3NWZkY2UyNDgyYTQxYzhkOGM4N2U5MjgzMTU1MTI1ZTc2Njg5NDIxYTVhOTk5OTQiCiAgICB9CiAgfQp9,QENi3vHBJ37lrTs/HbEdpgJcTF5XeiC51bFXURysNgYLYQKOkn4AoWPNTFGalylpsV+f2llyJhgUSJcxa0Pn9VidwH00kwCbn6m/Sr7UnG2BubMvXSoUAj+Z2uG6RpVuiRip6f4lhMJ2qs8ftDqHPNim6J/lxchQX7LybSMFhGqdkdPFO9In+6rxm7Wy0ct+dxA0sVfgA8p7D+ONC3YZiUDx96pO8lRuR0tQ1Vc0GoUjNS4kPYEAhoxw2Pg3YLUqOExI5GXow9RE/u6cvNUut1SNDdTt4T2oyd9AA0k913zXGl+rBKWwBjN7Kw0HG26H4KZTf5aoMwi09Jz/HPeYTMu2HXR0GxeJdVXgaQ6xmTPuPE0TlwpyGpHLeQ9m+pafWAgG83ghj2YdGWT+vywFrDVAZHAFWiVBFbgMqUOFaTEv/PX6hxxCSzgrs+i7hcJ4secYG7n9+f78gOYwa950uanQM4BPkelxlp2bOU1zvYGN51t3iwMVBBRyK5JYk6iZjtN82f7vZN916fOrpXDupS+qbdDZKzDaxmPmaV14lB+gjH7GtbU/WWjsdzBX4mVOgV3QSwb45kmXcjTIFXi5oh2/MkvsMOPmHE+MymRrPIf8oaYkWr+Q2aKvGEmw0g+p2fsHLRe38RDIfmkYA66Agm4zcXRi1eQM+JMSJsafZ90=
ERC1155,24,0xdea45e7c6944cb86a268661349e9c013836c79a2,SKIN,ewogICJ0aW1lc3RhbXAiIDogMTYzODc5MDc1MTA5NywKICAicHJvZmlsZUlkIiA6ICIxNzU1N2FjNTEzMWE0YTUzODAwODg3Y2E4ZTQ4YWQyNSIsCiAgInByb2ZpbGVOYW1lIiA6ICJQZW50YXRpbCIsCiAgInNpZ25hdHVyZVJlcXVpcmVkIiA6IHRydWUsCiAgInRleHR1cmVzIiA6IHsKICAgICJTS0lOIiA6IHsKICAgICAgInVybCIgOiAiaHR0cDovL3RleHR1cmVzLm1pbmVjcmFmdC5uZXQvdGV4dHVyZS8yMzlhYmZhOTAwZjYzNDNmM2NiOGQ5YmY4ODFkNTNhMzJlMDM1Zjk4NzBiNTgzZWE3ZWM3MjM4NjYzMjJlMTRiIgogICAgfQogIH0KfQ==,PGRf2/6ZzKxOFcBiIl1C8bBd+hKri3OEHgdqrcXB/TKbZpkI45IjuL583908jl56UWwq2THKiH4Z3TbIPQ2CVycMEZyykCV+wBVOjco4lATW2wfHJMZ4M9DZJbL8Tw863fW2YH+zH3iuwRtzQXwJwgJSaVALcJ1GFMnCYNkvD3KKCk26QDWUkLQxWFCfu9XL2uQq/l17nxFKp8DPYD9/fcye+jo8/iFdy+VERBGrxPweJGaCEZSAZOMYoZwRpACKgcSg0il0s+cxSmn0UFI0XOkX3PJTtsB8kpm5QGkiLTWFJsVlsVyknC3f1sjMqQKcYV07Mo1QwuCgtyAk1tQnK4SnT2TvZ5pKBxpy/0m+FeXlARkKrbBXRwdzJDcY6d0mj1sP8bg9tQq5z26+EGZiDeG4tEEa/p6otoVZCgSRaIVEJIUVE0b7GSik+5N58PjY5L4TYmbwOjjOGQw733fAKPKhKNWLivubBz4K1Jt0SzXE8QRdGEJcI7HEIQkLR3VPRXSSHi8diRLeV1u5rAw83Lsv/0AFNZTGIAGYwZW1d+x6luC5SW1t63EnA9d68e2vDq8Y2OO+fHnirk3jZpbTCMiFLTJbTTywwqDCnNDL2SXcetVSEsITor/qUFzhCmhYik3OJmr0gpvVOLgBf5e/W4q98GmgIACIf27z8CNML1Y=
ERC1155,25,0xdea45e7c6944cb86a268661349e9c013836c79a2,SKIN,ewogICJ0aW1lc3RhbXAiIDogMTYzODc0NTc0NDg5NSwKICAicHJvZmlsZUlkIiA6ICIxYWZhZjc2NWI1ZGY0NjA3YmY3ZjY1ZGYzYWIwODhhOCIsCiAgInByb2ZpbGVOYW1lIiA6ICJMb3lfQmxvb2RBbmdlbCIsCiAgInNpZ25hdHVyZVJlcXVpcmVkIiA6IHRydWUsCiAgInRleHR1cmVzIiA6IHsKICAgICJTS0lOIiA6IHsKICAgICAgInVybCIgOiAiaHR0cDovL3RleHR1cmVzLm1pbmVjcmFmdC5uZXQvdGV4dHVyZS82NWE1ZjRlMDc5MWJhMDVmMmRjMTgyMGE0ZWFjNmExMTRkYzJkMTYyZWFjNjczNmEwZWNiNjFjMmYzNDA2ODc5IiwKICAgICAgIm1ldGFkYXRhIiA6IHsKICAgICAgICAibW9kZWwiIDogInNsaW0iCiAgICAgIH0KICAgIH0KICB9Cn0=,YWzRQV6jIZ1kzIdFHZMceCkXdSLBeDvXpdlkYAM/80JvfGJsziIPRaW3UyU965FMUHfE5EFYT7mig/5gex0g2UuqQIcN1S3Pphubw9PHJ436w9vfrm2KHjRU56ZbkGnVbUZw3aXoG0O7AWiPgHRurE7l1Psp1clHL/emyoJKY0BJ/MKx0tl4khfTa6esrQp/q9oEzIi7tSvjFDS0AzuArutZGPNDzT5vcWbdLRnpPXsqbJWwODjm6/JT6lflwG/nYRqd46HVlewwd1xvTTerZm+Zrmf/MfqMZYbebQoF+teBDNg9uRpwE/lm9wNpDHOskcA/bLFET2P/fOlFxqvCETIJ2tvR5IMw/OMbL3p5Z+aGRy1SJ7sALM9MdqYpqrORKUH47Jy8gGj/xajd+pgI3iRay6bayET2dOj9hbbMv2D5L0mkpfKWNyc9VALV3Rp43ohmX4VfEmvjv9XbsZvDFw+Qz/ppbAieCpKj+Qsda9waY+WHD3y+4BHaBMcmtPrwH9e5QPEW41Void1/2eD8SahrGXuBx6qEy++tOdl7Zk6QKRvQjIHkeB7cyN914QV4u8hJjyl/4HQm+nBbqrwvG7tgcrJ4qFVe+cB3OBbR+PSJfRlyTF+RzsU3vHwZirakPtyJFO31GIIJg5a1NuXkoq6pMR6Rp68JyxyuTNSrLJ0=
ERC1155,26,0xdea45e7c6944cb86a268661349e9c013836c79a2,SKIN,ewogICJ0aW1lc3RhbXAiIDogMTYzODc0NTc4NDkxOCwKICAicHJvZmlsZUlkIiA6ICJmMTA0NzMxZjljYTU0NmI0OTkzNjM4NTlkZWY5N2NjNiIsCiAgInByb2ZpbGVOYW1lIiA6ICJ6aWFkODciLAogICJzaWduYXR1cmVSZXF1aXJlZCIgOiB0cnVlLAogICJ0ZXh0dXJlcyIgOiB7CiAgICAiU0tJTiIgOiB7CiAgICAgICJ1cmwiIDogImh0dHA6Ly90ZXh0dXJlcy5taW5lY3JhZnQubmV0L3RleHR1cmUvYmQ1NWM0M2I1YzcwYWM3NmU2YTdhNzcyYTQyYzQ3YWJlYTE4OGJlZTFlYjdkZjgxMmEwYTgzYzM3Mzk3MmUyOSIsCiAgICAgICJtZXRhZGF0YSIgOiB7CiAgICAgICAgIm1vZGVsIiA6ICJzbGltIgogICAgICB9CiAgICB9CiAgfQp9,xcrM6iTTTkdnLrHJIRpcRZ05KtwEJnNy+byqpM11U7X387qmDB8e5sENzLV+x5j918Wew2uJ/Yif8Vxafaavn1gCgUnTK60W6E02REVN111Zb3a6Qk2cKKaIlWokyr15guPppc/bbDl2+ayyNxkqwj2ST41wY+EEqDuSsFrcdV2Et8rIS6mo3fCZy3/URSXGOsh6sEqqn1F67i/JDqNRWNixhtjR8JSyUqkP9zt6lm6FPNFT475gIQM1V1YNDn4eMIH+t951Fjm7RYnvioonALuVwaeeV7nTPL7B1WpKUw/otxL7UIICwzdhVQVc8Q22/7Pe11ZL9bQg1535wgr+cEEU7Q1Ta/MlwraXRJS0NlaLBd3T79cWAcNXZSYZNEONODHacv7RgfE3H+vX+7wNyRawcQe9Ajl1cSTAcL0GctmF1GBGeTgsOhLwHNPBa+sqOr7aNN43a4r0B06yyLq7/730w79pLTJZUUjLKghsX5s78SrFzE0IQqEtF60Orr9X/e14N4ySvZc6YkckzfYKqlNsIwNXvuIC3ZPkPq/tJBAyHrC0Re/mOlw2z1ELzCrpOP0CckmdiLNAF7da633DuqTmK2PmeKXcq85V5KIugS0Fnxwfhcd07colDH6TFtjFNO2N9ZNFCjP/1hjZ9wHh7mu0vrGIijOhs6oJuW/haMw=
ERC1155,27,0xdea45e7c6944cb86a268661349e9c013836c79a2,SKIN,ewogICJ0aW1lc3RhbXAiIDogMTYzODc0NTg2MzAwNCwKICAicHJvZmlsZUlkIiA6ICIzM2ViZDMyYmIzMzk0YWQ5YWM2NzBjOTZjNTQ5YmE3ZSIsCiAgInByb2ZpbGVOYW1lIiA6ICJEYW5ub0JhbmFubm9YRCIsCiAgInNpZ25hdHVyZVJlcXVpcmVkIiA6IHRydWUsCiAgInRleHR1cmVzIiA6IHsKICAgICJTS0lOIiA6IHsKICAgICAgInVybCIgOiAiaHR0cDovL3RleHR1cmVzLm1pbmVjcmFmdC5uZXQvdGV4dHVyZS9lYTAyYTFjMWIxOGE1MGE0MmM0MDRjNzU5ZmE4NjU3YTBlYTgzZWFiNjJiNjQ4MDdjNjBlNjdiMjJjMWVmYjE0IiwKICAgICAgIm1ldGFkYXRhIiA6IHsKICAgICAgICAibW9kZWwiIDogInNsaW0iCiAgICAgIH0KICAgIH0KICB9Cn0=,hbyV4hyg2ABe8rpT6bxUECJA+XB5/2QD6C2vLGkJJ4J11dFLJH4X0tpycSFWvnHMuiUBaTyCP5YPNmxoJFhAfZh6bv+x4wJqqldu86PTq3Pza/w1w8bHTkTyx3E9IdgkajAOMEWGp4JwOJeloM1e4Q2yRIbI49wQaRayL7nPmMSeCwg7qCYONl/qdbhibq6I8pyRYU1KNKo4K1cKW/P78kzD05rO4mDEdQhA0K3PqogNaYSRZnv9WmUKK4jJLlQ0v7tMoYcy6TFikSfZPN5X0V8lnT8n753wTnJuZzKz6EQSYLRWjNYbGKYbZC0v9E6+t7Ao6iA5qWucFD2kgA10NkuGIjpNl7zSthD/WImGwyj3InoH2/5ZBCabcuUOx8jMFABLM467rc6Zkca9aA5CCFDPTFk74rJeg5NcP3ruxc2c58mOgsU+r++v0NPk8pst3JVR42C5knGklmE0h8ZUZvwrjwM1EJL+iBDdt0GJ16laCmaFCgXquHHmlythE1TAp+2+lWDq0VXpdHicqp4POv6cw3REy/1MSiYJURk2xbTt/IK5kc0onH6SFivp0ZUIE8BFSZDW6sqza3uq8c07WraNzxjWAe7eQeSi1JbQ1/CmJHOpa+wrnSSl06gySZiB6Ny2vkMfyzZJnzPHYrFW5SVe838gFTEkcChvJfREiEA=
